SMILES,Prediction,Actual
[H]/[NH+]=C(/C1=CC(=O)/C(=C\C=c2ccc(=C([NH3+])N)cc2)/C=C1)\N,0.0014098278479650617,0.0
[N]=O,0.015457630157470703,0.0
C([C@@H]1[C@@H]([C@@H]([C@H]([C@@H](O1)O[C@@H]2[C@H](O[C@@]([C@H]2O)(CO)O)CO)O)O)O)O,0.022595638409256935,0.0
C([C@@H]1[C@H]([C@@H]([C@H](C(=O)O1)O)O)O)O,0.04246929660439491,0.0
C([C@H]([C@@H]([C@H](C=O)O)O)O)O,0.019454505294561386,0.0
C(C(C(=O)[O-])O)(C(=O)[O-])O,0.00037159063504077494,0.0
C(C(CO)O)O,0.008427781984210014,0.0
C(C(CS)S)O,0.0001758797006914392,0.0
C(C(F)(F)F)(Cl)Br,0.1320227086544037,0.0
C(CN(CC[NH+](CC(=O)[O-])CC(=O)[O-])CC(=O)[O-])[NH+](CC(=O)[O-])CC(=O)[O-],0.006762481294572353,0.0
C(CNCC[NH2+]CCN)[NH3+],0.0013025312218815088,0.0
C(=O)([O-])P(=O)([O-])[O-],7.906607788754627e-05,0.0
C(=O)(N)N,0.018806155771017075,0.0
C(OC(C(F)(F)F)C(F)(F)F)F,0.008741263300180435,0.0
C/C=C/C1=C(N2[C@@H]([C@@H](C2=O)NC(=O)[C@@H](c3ccc(cc3)O)[NH3+])SC1)C(=O)[O-],0.007056972943246365,0.0
C1[C@@H]([C@@H]2[C@H](O1)[C@@H](CO2)O[N+](=O)[O-])O,0.0025664991699159145,0.0
C1[C@@H]([C@H]([C@@H]([C@H]([C@@H]1[NH3+])O[C@@H]2[C@@H]([C@H]([C@@H]([C@H](O2)CO)O)[NH3+])O)O)O[C@@H]3[C@@H](C[C@@H]([C@H](O3)C[NH3+])O)[NH3+])[NH3+],4.434826769283973e-05,0.0
C1[C@@H]([C@H]([C@@H]([C@H]([C@@H]1NC(=O)[C@H](CC[NH3+])O)O[C@@H]2[C@@H]([C@H]([C@@H]([C@H](O2)CO)O)[NH3+])O)O)O[C@@H]3[C@@H]([C@H]([C@@H]([C@H](O3)C[NH3+])O)O)O)[NH3+],0.0001365066273137927,0.0
C1[C@@H]([C@H](O[C@H]1N2C=NC(=NC2=O)N)CO)O,0.1733926683664322,1.0
C1[C@@H]2N(C1=O)[C@H](/C(=C/CO)/O2)C(=O)[O-],0.0014482236001640558,0.0
C1[C@H]([C@@H]([C@H]([C@@H]([C@H]1[NH3+])O[C@@H]2[C@@H]([C@H]([C@@H]([C@H](O2)C[NH3+])O)O)O)O)O[C@@H]3[C@@H]([C@H]([C@@H]([C@H](O3)CO)O)[NH3+])O)[NH3+],4.691654248745181e-05,0.0
C1[C@H]([C@@H]([C@H]([C@@H](O1)O[C@@H]2CO[C@H]([C@@H]([C@H]2OS(=O)(=O)[O-])OS(=O)(=O)[O-])O)OS(=O)(=O)[O-])OS(=O)(=O)[O-])O,0.00040029879892244935,0.0
C1[C@H]([C@@H]2[C@H](O1)[C@H](CO2)O)O,0.001480734790675342,0.0
C1[C@H]([C@@H]2[C@H](O1)[C@H](CO2)O[N+](=O)[O-])O[N+](=O)[O-],0.0025045324582606554,0.0
c1c(c(nc(=O)n1[C@@H]2CS[C@@H](O2)CO)N)F,0.3073904514312744,0.0
c1c(c(=O)[nH]c(=O)n1[C@H]2C[C@@H]([C@H](O2)CO)O)C(F)(F)F,0.32161691784858704,0.0
c1c(c(=O)[nH]c(=O)n1[C@H]2C[C@@H]([C@H](O2)CO)O)F,0.18955983221530914,0.0
c1c(c(=O)[nH]c(=O)n1[C@H]2C[C@@H]([C@H](O2)CO)O)I,0.18815471231937408,0.0
c1c2c([nH]n1)ncnc2O,0.4256804287433624,0.0
c1cc(c(c(c1)Cl)Cl)c2c(nc(nn2)N)N,0.2714552581310272,0.0
c1cc(c(c(c1)Cl)Cl)N2CC[NH+](CC2)CCCCOc3ccc4c(c3)NC(=O)CC4,0.0013647850137203932,0.0
c1cc(c(c(c1)F)Cn2cc(nn2)C(=O)N)F,0.6996021270751953,0.0
c1cc(c(cc1[N+](=O)[O-])Cl)NC(=O)c2cc(ccc2O)Cl,0.018360234797000885,0.0
c1cc(c(cc1F)F)n2cc(c(=O)c3c2nc(c(c3)F)N4C[C@@H]5[C@H](C4)[C@H]5[NH3+])C(=O)[O-],0.009557369165122509,0.0
c1cc(c(cc1OCC(F)(F)F)C(=O)NCC2CCCC[NH2+]2)OCC(F)(F)F,0.0008456588257104158,0.0
c1cc(ccc1C(=O)CCC[NH+]2CCC(CC2)(c3ccc(cc3)Cl)O)F,0.004751368425786495,0.0
c1cc(ccc1C[NH+]2CCCNCC[NH2+]CCCNCC2)C[NH+]3CCCNCC[NH2+]CCCNCC3,0.05360154062509537,0.0
c1cc(ccc1CCc2c[nH]c3c2c(=O)nc([nH]3)N)C(=O)N[C@@H](CCC(=O)[O-])C(=O)[O-],0.05668521672487259,0.0
C1=CC(=CC=C1CCC2=CNC3=C2C(=O)N=C(N3)N)C(=O)N[C@@H](CCC(=O)O)C(=O)O,0.9635652303695679,1.0
c1cc2c(cc1OCCCCc3nnnn3C4CCCCC4)CCC(=O)N2,0.5935207605361938,0.0
c1ccc(c(c1)CC(=O)[O-])Nc2c(cccc2Cl)Cl,0.002937615616247058,0.0
c1ccc(cc1)C(CC[NH+]2CCCCC2)(C3CC4CC3C=C4)O,0.00030474408413283527,0.0
c1ccc(cc1)C2C(=O)c3ccccc3C2=O,0.09126414358615875,0.0
c1ccc(cc1)C2=NCC(=O)N(c3c2cc(cc3)Cl)CC4CC4,0.03490881621837616,0.0
c1ccc(cc1)CC2=[NH+]CCN2,8.5812782344874e-05,0.0
c1ccc(cc1)n2c(ccn2)[N-]S(=O)(=O)c3ccc(cc3)N,0.16687248647212982,0.0
c1ccc2c(c1)C(=[NH+]c3ccccc3S2)N4CC[NH+](CC4)CCOCCO,9.042973397299647e-05,0.0
c1ccc2c(c1)C(=O)O[Bi](O2)O,0.2152220606803894,0.0
c1ccc2c(c1)CC(=O)c3ccccc3N2C(=O)N,0.629593014717102,0.0
c1ccc2c(c1)CCCC2C3=[NH+]CCN3,0.000119287651614286,0.0
c1ccc2c(c1)CCN3C2CN(CC3=O)C(=O)C4CCCCC4,0.10388684272766113,0.0
c1ccc2c(c1)N(c3cc(ccc3S2)C(F)(F)F)CCCN4CC[NH+](CC4)CCO,0.06593822687864304,0.0
c1ccc2c(c1)N(c3cc(ccc3S2)Cl)CCCN4CC[NH+](CC4)CCO,0.03941892832517624,0.0
c1cn(c(=O)nc1N)[C@@H]2CS[C@@H](O2)CO,0.2533071041107178,0.0
C1=CN(C(=O)N=C1N)[C@H]2[C@H]([C@@H]([C@H](O2)CO)O)O,0.1585865616798401,1.0
C1=CN(C(=O)N=C1N)[C@H]2C([C@@H]([C@H](O2)CO)O)(F)F,0.4340525269508362,1.0
c1cn(c(=O)nc1N)[C@H]2CC[C@H](O2)CO,0.21070639789104462,0.0
C1CN(CCN1CC2=CC3=C(C=C2)OC(O3)(F)F)C(=O)NC4=C(C=CN=C4)Cl,0.9517287611961365,1.0
C1CN(P(=O)(OC1)NCCCl)CCCl,0.027330689132213593,1.0
c1cnc(nc1)[N-]S(=O)(=O)c2ccc(cc2)N,0.12431658059358597,0.0
C1CNP(=O)(OC1)N(CCCl)CCCl,0.04945216327905655,1.0
c1nc(nc(=O)n1[C@H]2[C@@H]([C@@H]([C@H](O2)CO)O)O)N,0.2468881756067276,0.0
c1nc(nc(=O)n1[C@H]2C[C@@H]([C@H](O2)CO)O)N,0.16824443638324738,0.0
c1nc2c(=O)[nH]c(nc2n1COC(CO)CO)N,0.25861793756484985,0.0
C[C@@]1([C@@H](N2[C@H](S1(=O)=O)CC2=O)C(=O)[O-])Cn3ccnn3,0.009949678555130959,0.0
C[C@@H]([NH2+]CC(C[NH2+][C@@H](/C(=N/O)/C)C)(C)C)/C(=N/O)/C,5.5036216508597136e-05,0.0
C[C@@H](C(=O)N[C@@H](C)C(=O)NC1[C@H]2[C@@H]1CN(C2)c3c(cc4c(=O)c(cn(c4n3)c5ccc(cc5F)F)C(=O)[O-])F)[NH3+],0.03170086443424225,0.0
C[C@@H](C(=O)N[C@H](CC(C)C)C(=O)N[C@@H](C)C(=O)N[C@H](C(C)C)C(=O)N[C@@H](C(C)C)C(=O)N[C@@H](C(C)C)C(=O)N[C@@H](Cc1c[nH]c2c1cccc2)C(=O)N[C@H](CC(C)C)C(=O)N[C@@H](Cc3c[nH]c4c3cccc4)C(=O)N[C@H](CC(C)C)C(=O)N[C@@H](Cc5c[nH]c6c5cccc6)C(=O)N[C@H](CC(C)C)C(=O)N[C@@H](Cc7c[nH]c8c7cccc8)C(=O)NCCO)NC(=O)CNC(=O)[C@H](C(C)C)NC=O,0.7850183248519897,0.0
C[C@@H]1[C@@H]2[C@H](C(=O)N2C(=C1S[C@H]3C[C@H]([NH2+]C3)C(=O)Nc4cccc(c4)C(=O)[O-])C(=O)[O-])[C@@H](C)O,0.0003447327471803874,0.0
C[C@@H]1C[C@@H]([C@H]([C@@H](O1)O[C@H]2[C@H](C[C@@]3(CO3)C(=O)[C@@H]([C@H]([C@H]([C@H](OC(=O)[C@@H]([C@H]([C@@H]2C)O[C@H]4C[C@@H]([C@H]([C@@H](O4)C)OC(=O)C)OC)C)C)C)OC(=O)C)C)C)OC(=O)C)[NH+](C)C,0.00046014273539185524,0.0
C[C@@H]1C[C@H]2[C@@H]3C[C@@H](C4=CC(=O)C=C[C@@]4([C@]3([C@H](C[C@@]2([C@]1(C(=O)COC(=O)C(C)(C)C)O)C)O)F)C)F,0.36117660999298096,0.0
C[C@@H]1C[C@H]2[C@@H]3C[C@@H](C4=CC(=O)C=C[C@@]4([C@]3([C@H](C[C@@]2([C@H]1C(=O)COC(=O)C(C)(C)C)C)O)Cl)C)F,0.058998577296733856,0.0
C[C@@H]1C[C@H]2[C@@H]3C[C@@H](C4=CC(=O)C=C[C@@]4([C@H]3[C@H](C[C@@]2([C@]1(C(=O)COC(=O)C)O)C)O)C)F,0.3895978331565857,0.0
C[C@@H]1C[C@H]2[C@@H]3CCC4=CC(=O)C=C[C@@]4([C@]3([C@H](C[C@@]2([C@]1(C(=O)CO)O)C)O)F)C,0.37315937876701355,1.0
C[C@@H]1C[C@H]2[C@@H]3CCC4=CC(=O)C=C[C@@]4([C@]3([C@H](C[C@@]2([C@]1(C(=O)COP(=O)([O-])[O-])O)C)O)F)C,0.04573291540145874,0.0
C[C@@H]1C[C@H]2[C@@H]3CCC4=CC(=O)C=C[C@@]4([C@]3([C@H](C[C@@]2([C@H]1C(=O)CO)C)O)F)C,0.0756639838218689,0.0
C[C@]12C[C@@H]([C@]3([C@H]([C@@H]1C[C@H]([C@@]2(C(=O)CO)O)O)CCC4=CC(=O)C=C[C@@]43C)F)O,0.25348982214927673,0.0
C[C@]12C[C@@H]([C@H]3[C@H]([C@@H]1CC[C@@]2(C(=O)CO)O)C[C@@H](C4=CC(=O)C=C[C@]34C)F)O,0.5063198208808899,0.0
C[C@]12C[C@@H]([C@H]3[C@H]([C@@H]1CC[C@@]2(C(=O)CO)O)CCC4=CC(=O)C=C[C@]34C)O,0.5257489085197449,1.0
C[C@]12C[C@@H]([C@H]3[C@H]([C@@H]1CC[C@@]2(C(=O)COC(=O)CC(C)(C)C)O)CCC4=CC(=O)C=C[C@]34C)O,0.49338486790657043,0.0
C[C@]12CC[C@@H]3c4ccc(cc4CC[C@H]3[C@@H]1CC[C@]2(C#C)O)OC5CCCC5,0.05603719502687454,0.0
C[C@]12CCC(=O)C=C1[C@H](C[C@@H]3[C@@H]2[C@H](C[C@]4([C@H]3C[C@@H]5[C@]4(OC(O5)(C)C)C(=O)CO)C)O)F,0.08057703077793121,0.0
C[C@]12CCC(=O)C=C1CC[C@@H]3[C@@]2([C@H](C[C@]4([C@H]3C[C@@H]5[C@]4(OC(O5)(C)C)C(=O)CCl)C)O)F,0.0818367749452591,0.0
C[C@H](C(=O)N)NC(=O)[C@@H]1CCCN1C(=O)[C@H](CCCC[NH2+]C(C)C)NC(=O)[C@H](CC(C)C)NC(=O)[C@@H](CC(=O)N)NC(=O)[C@H](Cc2ccc(cc2)O)N(C)C(=O)[C@H](CO)NC(=O)[C@@H](Cc3cccnc3)NC(=O)[C@@H](Cc4ccc(cc4)Cl)NC(=O)[C@@H](Cc5ccc6ccccc6c5)NC(=O)C,0.05280205234885216,0.0
C[C@H](C(=O)N)NC(=O)[C@@H]1CCCN1C(=O)[C@H](CCCNC(=[NH2+])N)NC(=O)[C@H](CC(C)C)NC(=O)[C@@H](CCCNC(=O)N)NC(=O)[C@H](Cc2ccc(cc2)O)NC(=O)[C@H](CO)NC(=O)[C@@H](Cc3cccnc3)NC(=O)[C@@H](Cc4ccc(cc4)Cl)NC(=O)[C@@H](Cc5ccc6ccccc6c5)NC(=O)C,0.02123800292611122,0.0
C[C@H]1[C@H]2Cc3ccc(cc3[C@@]1(CC[NH+]2CC=C(C)C)C)O,0.00041774107376113534,0.0
C[C@H]1C[C@H]2[C@@H]3C[C@@H](C4=CC(=O)C=C[C@@]4([C@]3([C@H](C[C@@]2([C@]1(C(=O)COC(=O)C)OC(=O)C)C)O)F)C)F,0.22683270275592804,0.0
C[C@H]1C[C@H]2[C@@H]3CC[C@@]([C@]3(C[C@@H]([C@@]2([C@@]4(C1=CC(=O)C=C4)C)F)O)C)(C(=O)C)O,0.2938942313194275,0.0
C[C@H]1C[C@H]2[C@@H]3CC[C@@]([C@]3(C[C@@H]([C@@]2([C@@]4(C1=CC(=O)C=C4)C)F)O)C)(C(=O)C)OC(=O)C,0.12533943355083466,0.0
C[C@H]1C[C@H]2[C@@H]3CC[C@@]([C@]3(C[C@@H]([C@@H]2[C@@]4(C1=CC(=O)C=C4)C)O)C)(C(=O)CO)O,0.3622450828552246,0.0
C[C@H]1C[C@H]2[C@@H]3CC[C@@]([C@]3(C[C@@H]([C@@H]2[C@@]4(C1=CC(=O)C=C4)C)O)C)(C(=O)COC(=O)CCC(=O)[O-])O,0.043124008923769,0.0
C[C@H]1C[C@H]2[C@@H]3CCC4=CC(=O)C=C[C@@]4([C@]3([C@H](C[C@@]2([C@]1(C(=O)CO)O)C)O)F)C,0.3725902736186981,0.0
C[C@H]1C[C@H]2[C@@H]3CCC4=CC(=O)C=C[C@@]4([C@]3([C@H](C[C@@]2([C@]1(C(=O)CO)OC(=O)c5ccccc5)C)O)F)C,0.4075130820274353,0.0
C[C@H]1C[C@H]2[C@@H]3CCC4=CC(=O)C=C[C@@]4([C@]3([C@H](C[C@@]2([C@]1(C(=O)COC(=O)C)O)C)O)F)C,0.46250930428504944,0.0
C[N+]1(CCc2cc(c(cc2[C@H]1Cc3cc(c(c(c3)OC)OC)OC)OC)OC)CCCOC(=O)CC/C=C/CCC(=O)OCCC[N+]4(CCc5cc(c(cc5[C@H]4Cc6cc(c(c(c6)OC)OC)OC)OC)OC)C,0.0009072127868421376,0.0
C[N+]1(CCCC1)CC2=C(N3[C@@H]([C@@H](C3=O)NC(=O)/C(=N\OC)/c4csc(n4)N)SC2)C(=O)[O-],0.008581479080021381,0.0
C[NH+](C)CC/C=C\1/c2ccccc2Sc3c1cc(cc3)Cl,0.0002052114432444796,0.0
C[NH+](C)CC[C@@H](c1ccc(cc1)Br)c2ccccn2,0.02939756214618683,0.0
C[NH+](C)CCC(c1ccc(cc1)Br)c2ccccn2,0.026183102279901505,0.0
C[NH+](C)CCC(c1ccc(cc1)Cl)c2ccccn2,0.00031244277488440275,0.0
C[NH+](C)CCC(c1ccccc1)c2ccccn2,0.00033220756449736655,0.0
C[NH+](C)CCc1c[nH]c2c1cc(cc2)CS(=O)(=O)N3CCCC3,0.0011715000728145242,0.0
C[NH+](C)CCn1c(nnn1)SCC2=C(N3[C@@H]([C@@H](C3=O)NC(=O)Cc4csc(n4)N)SC2)C(=O)[O-],0.005730712786316872,0.0
C[NH+](C)CCOC(c1ccc(cc1)Cl)c2ccccn2,0.00034516098094172776,0.0
C[NH+]1CCC(CC1)OC(c2ccccc2)c3ccccc3,0.0002327670663362369,0.0
C[NH+]1CCC[C@H]1c2cccnc2,0.00012914645776618272,0.0
C[NH+]1CCCC(C1)CC2c3ccccc3Sc4c2cccc4,4.993378388462588e-05,0.0
C[NH+]1CCN(CC1)C2=[NH+]c3cc(ccc3Nc4c2cccc4)Cl,0.00019437754235696048,0.0
C[NH+]1CCN(CC1)CC/C=C\2/c3ccccc3Sc4c2cc(cc4)S(=O)(=O)N(C)C,0.04801714047789574,0.0
C[NH+]1CCN(CC1)CCCN2c3ccccc3Sc4c2cc(cc4)C(F)(F)F,0.036431778222322464,0.0
C[NH+]1CCN(CC1)CCCN2c3ccccc3Sc4c2cc(cc4)Cl,0.023204611614346504,0.0
C[NH2+]C[C@@H]([C@H]([C@@H]([C@@H](CO)O)O)O)O,6.37594930594787e-05,0.0
C[NH2+]CC[C@@H](c1cccs1)Oc2cccc3c2cccc3,0.0001606898586032912,0.0
CC(C)(C#N)c1cc(cc(c1)C(C)(C)C#N)Cn2cncn2,0.3957154154777527,0.0
CC(C)(C#N)C1=CC(=CC(=C1)CN2C=NC=N2)C(C)(C)C#N,0.3957154452800751,1.0
CC(C)(C#N)C1=CC=C(C=C1)N2C3=C4C=C(C=CC4=NC=C3N(C2=O)C)C5=CC6=CC=CC=C6N=C5,0.5247308015823364,1.0
CC(C)(C)[NH2+]C[C@@H](COc1ccccc1C2CCCC2)O,0.00017777188622858375,0.0
CC(C)(C)NC(=O)[C@@H]1C[C@@H]2CCCC[C@@H]2C[NH+]1C[C@H]([C@H](Cc3ccccc3)NC(=O)[C@H](CC(=O)N)NC(=O)c4ccc5ccccc5n4)O,0.035072389990091324,0.0
CC(C)(C)NC(=O)[C@@H]1CN(CC[NH+]1C[C@H](C[C@@H](Cc2ccccc2)C(=O)N[C@H]3c4ccccc4C[C@H]3O)O)Cc5cccnc5,0.2303432822227478,0.0
CC(C)/N=c/1\cc-2n(c3ccccc3nc2cc1Nc4ccc(cc4)Cl)c5ccc(cc5)Cl,0.3113265633583069,0.0
CC(C)[C@@H](C(=O)OCCOCn1cnc2c1nc([nH]c2=O)N)[NH3+],0.015409409999847412,0.0
CC(C)[NH+](CCC(c1ccccc1)(c2ccccn2)C(=O)N)C(C)C,0.00044559864909388125,0.0
CC(C)[NH2+]CCCC1(c2ccccc2-c3c1cccc3)C(=O)N,0.00019337437697686255,0.0
CC(C)c1c(c(nc(n1)N(C)S(=O)(=O)C)c2ccc(cc2)F)/C=C/[C@H](C[C@H](CC(=O)[O-])O)O,0.03137540444731712,0.0
CC(C)CC1C[NH+]2CCc3cc(c(cc3C2CC1=O)OC)OC,0.0001093041937565431,0.0
CC(C)CNCC1=CC=C(C=C1)C2=CC=CC=C2S(=O)(=O)N3CCCC3,0.7404184937477112,1.0
CC(C1CCC(C(O1)OC2C(CC(C(C2O)OC3C(C(C(CO3)(C)O)[NH2+]C)O)[NH3+])[NH3+])[NH3+])[NH2+]C,7.223938882816583e-05,0.0
CC(c1ccccc1)(c2ccccn2)OCC[NH+](C)C,0.0003530154353938997,0.0
CC(C[N+](C)(C)C)OC(=O)N,0.001077646273188293,0.0
CC(C[NH2+]C1CCCCC1)OC(=O)c2ccccc2,7.68227837397717e-05,0.0
CC(Cc1ccccc1)[NH+](C)Cc2ccccc2,5.571439032792114e-05,0.0
CC(CS(=O)(=O)c1ccc(cc1)F)(C(=O)Nc2ccc(c(c2)C(F)(F)F)C#N)O,0.5571475625038147,0.0
CC(=O)c1ccc2c(c1)N(c3ccccc3S2)CCCN4CC[NH+](CC4)CCO,0.05259767174720764,0.0
CC(=O)N(C)c1c(c(c(c(c1I)C(=O)NCC(=O)Nc2c(c(c(c(c2I)C(=O)[O-])I)C(=O)NCCO)I)I)C(=O)NC)I,0.06550084054470062,0.0
CC(=O)N(CC(CN(c1c(c(c(c(c1I)C(=O)NCC(CO)O)I)C(=O)NCC(CO)O)I)C(=O)C)O)c2c(c(c(c(c2I)C(=O)NCC(CO)O)I)C(=O)NCC(CO)O)I,0.2620406150817871,0.0
CC(=O)N(CCCCCNC(=O)CCC(=O)N(CCCCCNC(=O)CCC(=O)N(CCCCC[NH3+])O)O)O,0.002245786599814892,0.0
CC(=O)Nc1c(c(c(c(c1I)N(C)C(=O)C)I)C(=O)N[C@@H]2[C@H]([C@@H]([C@H](OC2O)CO)O)O)I,0.23336467146873474,0.0
CC(=O)O[C@@H]1[C@@H](Sc2ccccc2N(C1=O)CC[NH+](C)C)c3ccc(cc3)OC,0.00022861511388327926,0.0
CC(=O)O[C@H]1C[C@@H]2CC[C@@H]3[C@@H]([C@]2(C[C@@H]1[N+]4(CCCCC4)C)C)CC[C@]5([C@H]3C[C@@H]([C@@H]5OC(=O)C)[N+]6(CCCCC6)C)C,0.0015323814004659653,0.0
CC(=O)O[C@H]1C[C@@H]2CC[C@@H]3[C@@H]([C@]2(C[C@@H]1[NH+]4CCCCC4)C)CC[C@]5([C@H]3C[C@@H]([C@@H]5OC(=O)C)[N+]6(CCCCC6)C)C,0.0006595700397156179,0.0
CC(=O)O[C@H]1CC[C@@H]2[C@H]3CC[C@]4([C@H]([C@@H]3CCC2=C1)CC[C@]4(C#C)OC(=O)C)C,0.017698852345347404,0.0
CC(=O)OCC1=C(N2[C@@H]([C@@H](C2=O)NC(=O)[C@@H](c3ccccc3)[NH3+])SC1)C(=O)[O-],0.0016588192665949464,0.0
CC(=O)OCC[N+](C)(C)C,0.0016665365546941757,0.0
CC1([C@@H]2[C@H]1[C@H](N(C2)C(=O)[C@H](C(C)(C)C)NC(=O)NC(C)(C)C)C(=O)NC(CC3CCC3)C(=O)C(=O)N)C,0.08380156755447388,0.0
CC1(C([NH2+]C(S1)C(C(=O)NCCCCCC(=O)[O-])NC(=O)Cc2ccccc2)C(=O)[O-])C,0.00011290945985820144,0.0
CC1(C[C@@H]1C(=O)N/C(=C\CCCCSC[C@@H](C(=O)[O-])[NH3+])/C(=O)[O-])C,0.0006792333442717791,0.0
CC1=C(C(CCC1)(C)C)/C=C/C(=C/C=C/C(=C/C(=O)[O-])/C)/C,0.025088945403695107,0.0
CC1=C(C(CCC1)(C)C)/C=C/C(=C/C=C/C(=C/C=C/C=C(/C=C/C=C(/C=C/C2=C(CCCC2(C)C)C)\C)\C)/C)/C,0.3571697473526001,0.0
CC1=C(C(CCC1)(C)C)/C=C/C(=C/C=C/C(=C/CO)/C)/C,0.3283746838569641,0.0
CC1=C(C(CCC1)(C)C)/C=C/C(=C/C=C/C(=C\C(=O)[O-])/C)/C,0.0243107620626688,0.0
CC1=C(C(CCC1)(C)C)/C=C/C(=C\C=C\C(=C\C(=O)[O-])\C)/C,0.02519271895289421,0.0
Cc1c(c(no1)c2ccccc2)c3ccc(cc3)S(=O)(=O)N,0.43245044350624084,0.0
CC1=C(C(=O)N2CCCCC2=N1)CCN3CCC(CC3)C4=NOC5=C4C=CC(=C5)F,0.951879620552063,1.0
Cc1c(c2c3c4c1O[C@@](C4=O)(O/C=C/[C@@H]([C@H]([C@H]([C@@H]([C@@H]([C@@H]([C@H]([C@H](/C=C/C=C(\C(=O)Nc(c2O)c(c3O)/C=N/N5CC[NH+](CC5)C)/C)C)O)C)O)C)OC(=O)C)C)OC)C)O,0.006488324608653784,0.0
Cc1c(c2c3c4c1O[C@@](C4=O)(O/C=C/[C@@H]([C@H]([C@H]([C@@H]([C@@H]([C@@H]([C@H]([C@H](/C=C/C=C(\C(=O)Nc(c2O)c(c3O)/C=N/N5CC[NH+](CC5)C6CCCC6)/C)C)O)C)O)C)OC(=O)C)C)OC)C)O,0.008049688301980495,0.0
Cc1c(c2c3c4c1O[C@@](C4=O)(O/C=C/[C@@H]([C@H]([C@H]([C@@H]([C@@H]([C@@H]([C@H]([C@H](/C=C/C=C(\C(=O)NC(=C5C3=NC6([NH2+]5)CC[NH+](CC6)CC(C)C)C2=O)/C)C)O)C)O)C)OC(=O)C)C)OC)C)[O-],0.0009845892200246453,0.0
Cc1c(ccc(c1)c2cc(c(cc2)N/N=C\3/C(=O)c4c(cc(cc4C=C3S(=O)(=O)[O-])S(=O)(=O)[O-])N)C)N/N=C\5/C(=O)c6c(cc(cc6C=C5S(=O)(=O)[O-])S(=O)(=O)[O-])N,0.00696802232414484,0.0
Cc1c(ccc2c1c(nc(n2)N)N)CNc3cc(c(c(c3)OC)OC)OC,0.12482135742902756,0.0
Cc1c(ccc2c1oc(=O)c(c2[O-])NC(=O)c3ccc(c(c3)CC=C(C)C)O)O[C@H]4[C@@H]([C@@H]([C@H](C(O4)(C)C)OC)OC(=O)N)O,0.04354114085435867,0.0
CC1=C2[C@H](C(=O)[C@@]3([C@H](C[C@@H]4[C@]([C@H]3[C@@H]([C@@](C2(C)C)(C[C@@H]1OC(=O)[C@@H]([C@H](C5=CC=CC=C5)NC(=O)OC(C)(C)C)O)O)OC(=O)C6=CC=CC=C6)(CO4)OC(=O)C)O)C)O,0.47222185134887695,1.0
CC1=C2[C@H](C(=O)[C@@]3([C@H](C[C@@H]4[C@]([C@H]3[C@@H]([C@@](C2(C)C)(C[C@@H]1OC(=O)[C@@H]([C@H](c5ccccc5)NC(=O)OC(C)(C)C)O)O)OC(=O)c6ccccc6)(CO4)OC(=O)C)OC)C)OC,0.5556572675704956,0.0
Cc1c2cc3nc(cc4[nH]c(cc5nc(cc(c1CCC(=O)[O-])[nH]2)C(=C5C)CCC(=O)OC)[C@]6(C4=CC=C([C@H]6C(=O)OC)C(=O)OC)C)C(=C3C=C)C,0.07597558945417404,0.0
Cc1cc(c(c(c1CC2=[NH+]CCN2)C)O)C(C)(C)C,0.00019446796795818955,0.0
Cc1cc(cc(c1Nc2ccnc(n2)Nc3ccc(cc3)C#N)C)/C=C/C#N,0.778531551361084,0.0
Cc1cc2c(cc1C(=C)c3ccc(cc3)C(=O)[O-])C(CCC2(C)C)(C)C,0.0066962228156626225,0.0
Cc1cc2=C(Nc3ccccc3N=c2s1)N4CC[NH+](CC4)C,0.00019839804735966027,0.0
Cc1cc2c(s1)Nc3ccccc3[NH+]=C2N4CC[NH+](CC4)C,0.00011521491251187399,0.0
C=C1CC[C@]2([C@H]3Cc4ccc(c5c4[C@]2([C@H]1O5)CC[NH+]3CC6CC6)O)O,0.0005136792315170169,0.0
Cc1ccc(c(c1Cl)Nc2ccccc2C(=O)[O-])Cl,0.0025635932106524706,0.0
Cc1ccc(cc1S(=O)(=O)N)Nc2nccc(n2)N(C)c3ccc4c(n(nc4c3)C)C,0.7794524431228638,0.0
Cc1cccc(c1)Nc2ccncc2S(=O)(=O)[N-]C(=O)NC(C)C,0.20692068338394165,0.0
Cc1cccc(c1C)Nc2ccccc2C(=O)[O-],0.0037967071402817965,0.0
Cc1cccc(c1NC(=O)c2cnc(s2)Nc3cc(nc(n3)C)N4CC[NH+](CC4)CCO)Cl,0.0012362257111817598,0.0
Cc1ccccc1N2CC[NH+](CC2)CCc3nnc4n3CCCC4,0.0007380535244010389,0.0
Cc1ccnc(n1)[N-]S(=O)(=O)c2ccc(cc2)N,0.08662409335374832,0.0
Cc1cn(c(=O)[nH]c1=O)[C@@H]2C[C@H]([C@@H](O2)CO)O,0.27548620104789734,0.0
Cc1cn(c(=O)[nH]c1=O)[C@H]2C[C@@H]([C@H](O2)CO)N=[N+]=[N-],0.002756251720711589,0.0
Cc1cn(c(=O)[nH]c1=O)[C@H]2C=C[C@H](O2)CO,0.11506455391645432,0.0
Cc1cnc(s1)NC(=O)C2=C(c3ccccc3S(=O)(=O)N2C)O,0.3264617323875427,0.0
Cc1nnc(s1)[N-]S(=O)(=O)c2ccc(cc2)N,0.005277698393911123,0.0
CC[C@@]1(CC[C@@H]2[C@@]1(CC[C@H]3[C@H]2CCC4=CCCC[C@H]34)C)O,0.004315020050853491,0.0
CC[C@@H](CO)NC(=O)[C@H]1C[NH+]([C@@H]2Cc3c[nH]c4c3c(ccc4)C2=C1)C,0.0011050107423216105,0.0
CC[C@@H](CO)NC(=O)[C@H]1C[NH+]([C@@H]2Cc3cn(c4c3c(ccc4)C2=C1)C)C,0.0010435223812237382,0.0
CC[C@@H]1C(=O)N2CCC[C@H]2C(=O)N([C@H](C(=O)N3CC(C(=O)CC3C(=O)N[C@H](C(=O)O[C@@H]([C@@H](C(=O)N1)NC(=O)c4c(cccn4)O)C)c5ccccc5)CS[C@@H]6C[NH+]7CCC6CC7)Cc8ccc(cc8)N(C)C)C,0.0072827450931072235,0.0
CC[C@H](C)[C@H]1C(=O)N[C@H](C(=O)N[C@H](C(=O)N[C@@H](CSSC[C@@H](C(=O)N[C@H](C(=O)N1)Cc2ccc(cc2)O)[NH3+])C(=O)N3CCC[C@H]3C(=O)N[C@@H](CC(C)C)C(=O)NCC(=O)N)CC(=O)N)CCC(=O)N,0.0018036194378510118,0.0
CC[C@H](C)C(=O)O[C@H]1C[C@H](C=C2[C@H]1[C@H]([C@H](C=C2)C)CC[C@@H]3C[C@H](CC(=O)O3)O)C,0.06444380432367325,1.0
CC[NH2+][C@H]1C[C@@H](S(=O)(=O)c2c1cc(s2)S(=O)(=O)N)C,4.9761867558117956e-05,0.0
CCC(C)(C)C(=O)O[C@H]1C[C@H](C=C2[C@H]1[C@H]([C@H](C=C2)C)CC[C@@H]3C[C@H](CC(=O)O3)O)C,0.08775635063648224,0.0
CCC(C)C1C(=O)NC(C(=O)NC(C(=O)NC(CSSCC(C(=O)NC(C(=O)N1)Cc2ccc(cc2)O)[NH3+])C(=O)N3CCCC3C(=O)NC(CC(C)C)C(=O)NCC(=O)N)CC(=O)N)C(C)O,0.0018127921503037214,0.0
CCC(CC)O[C@@H]1C=C(C[C@@H]([C@H]1NC(=O)C)[NH3+])C(=O)OCC,0.00014633615501224995,0.0
CCC(=O)[C@]1([C@@H](CC2[C@@]1(C[C@@H](C3C2CCC4=CC(=O)C=C[C@]34C)O)C)C)C,0.13462203741073608,0.0
CCC(=O)N(c1ccccc1)C2(CC[NH+](CC2)CCC(=O)OC)C(=O)OC,0.0004992310423403978,0.0
CCC(=O)N(c1ccccc1)C2CC[NH+](CC2)CCc3ccccc3,0.0005747383111156523,0.0
CCC(=O)O[C@@](Cc1ccccc1)(c2ccccc2)[C@@H](C)C[NH+](C)C,0.00038115415372885764,0.0
CCC(=O)O[C@@]1([C@@H](C[C@@H]2[C@@]1(C[C@@H]([C@]3([C@H]2C[C@@H](C4=CC(=O)C=C[C@@]43C)F)F)O)C)C)C(=O)SCF,0.045847609639167786,0.0
CCC(=O)O[C@@]1([C@H](C[C@@H]2[C@@]1(C[C@@H]([C@]3([C@H]2CCC4=CC(=O)C=C[C@@]43C)F)O)C)C)C(=O)CCl,0.1386381983757019,0.0
CCC(=O)O[C@@]1([C@H](CC2C1(CC([C@]3(C2C[C@@H](C4=CC(=O)C=CC43C)F)F)O)C)C)C(=O)CCl,0.11116962879896164,0.0
CCC(=O)O[C@](Cc1ccccc1)(c2ccccc2)[C@H](C)C[NH+](C)C,0.0001844302169047296,0.0
CCC(=O)O[C@H]1[C@H](C[C@@H]2[C@@]1(CC[C@H]3[C@H]2CC[C@@H]4[C@@]3(C[C@@H]([C@H](C4)OC(=O)C)[NH+]5CCCCC5)C)C)[N+]6(CCCCC6)CC=C,0.0012303352123126388,0.0
CCC(=O)OCC(=O)[C@]1([C@@H](C[C@@H]2[C@@]1(C[C@@H]([C@H]3[C@H]2[C@@H](CC4=CC(=O)C=C[C@]34C)Cl)O)C)C)OC(=O)CC,0.07120531052350998,0.0
CCC(=O)OCC(=O)[C@]1([C@H](C[C@@H]2[C@@]1(C[C@@H]([C@]3([C@H]2CCC4=CC(=O)C=C[C@@]43C)Cl)O)C)C)OC(=O)CC,0.10186896473169327,0.0
CCC(=O)OCC(=O)[C@]1(CC[C@@H]2[C@@]1(C[C@@H]([C@H]3[C@H]2CCC4=CC(=O)C=C[C@]34C)O)C)OC(=O)OCC,0.23454564809799194,0.0
CCc1c(c(nc(n1)N)N)c2ccc(cc2)Cl,0.1185775026679039,0.0
CCC1=C(CN(C1=O)C(=O)NCCc2ccc(cc2)S(=O)(=O)[N-]C(=O)NC3CCC(CC3)C)C,0.007572030182927847,0.0
CCC1=C2C=C(C=CC2=NC3=C1CN4C3=CC5=C(C4=O)COC(=O)[C@@]5(CC)O)OC(=O)N6CCC(CC6)N7CCCCC7,0.9634090065956116,1.0
CCC[C@@H](C(=O)OCC)[NH2+][C@@H](C)C(=O)N1[C@H]2CCCC[C@H]2C[C@H]1C(=O)[O-],5.0981259846594185e-05,0.0
CCC[NH+](CCc1cccs1)[C@H]2CCc3c(cccc3O)C2,5.670183963957243e-05,0.0
CCCC(C)C1(C(=O)NC(=S)NC1=O)CC,0.005422808229923248,0.0
CCCC(CCC)C(=O)[O-],7.395453576464206e-05,0.0
CCCC(=O)O[C@@]1(CC[C@@H]2[C@@]1(C[C@@H]([C@]3([C@H]2C[C@@H](C4=CC(=O)C=C[C@@]43C)F)F)O)C)C(=O)COC(=O)C,0.12818771600723267,0.0
CCCc1cc(=O)[nH]c(=S)[nH]1,0.011412590742111206,0.0
CCCc1nc(c2n1[nH]c(nc2=O)c3cc(ccc3OCC)S(=O)(=O)N4CC[NH+](CC4)CC)C,0.0020217536948621273,0.0
CCCC[NH+](CCCC)CC(c1cc(cc\2c1-c3ccc(cc3/C2=C/c4ccc(cc4)Cl)Cl)Cl)O,0.0004010017728433013,0.0
CCCC[NH+](CCCC)CCC(c1cc2c(cc(cc2Cl)Cl)c3c1ccc(c3)C(F)(F)F)O,0.0004526728589553386,0.0
CCCCC([C@]1(CC[C@H]2[C@H](O1)CC(=O)[C@H]2CCCCCCC(=O)[O-])O)(F)F,0.00462518073618412,0.0
CCCCC(=O)O[C@@]1([C@H](C[C@@H]2[C@@]1(C[C@@H]([C@]3([C@H]2CCC4=CC(=O)C=C[C@@]43C)F)O)C)C)C(=O)CO,0.13889268040657043,0.0
CCCCc1[nH+]cc(n1Cc2ccc(cc2)C(=O)[O-])/C=C(\Cc3cccs3)/C(=O)[O-],0.00027276150649413466,0.0
CCCCc1c(c2cc(ccc2o1)NS(=O)(=O)C)C(=O)c3ccc(cc3)OCCC[NH+](CCCC)CCCC,0.0017149968771263957,0.0
CCCCc1c(c2ccccc2o1)C(=O)c3cc(c(c(c3)I)OCC[NH+](CC)CC)I,0.06626833230257034,0.0
CCCCCCCCCCCCCCCC(=O)OC/C=C(\C)/C=C/C=C(\C)/C=C/C1=C(CCCC1(C)C)C,0.2582492232322693,0.0
CCCCCCCCCCCCCCCC[N+](C)(C)CCN(Cc1ccc(cc1)OC)c2ncccn2,0.0195951946079731,0.0
CCCCCOC(=O)Nc1c(cn(c(=O)n1)[C@H]2[C@@H]([C@@H]([C@H](O2)C)O)O)F,0.34908223152160645,0.0
CCCCCOC(=O)NC1=NC(=O)N(C=C1F)[C@H]2[C@@H]([C@@H]([C@H](O2)C)O)O,0.34908223152160645,1.0
CCCCOCCOCCOCc1cc2c(cc1CCC)OCO2,0.009126381948590279,0.0
CCn1cc(c(=O)c2c1nc(c(c2)F)N3CC[NH2+]CC3)C(=O)[O-],0.003602090524509549,0.0
CCN1CCN(C(=O)C1=O)C(=O)N[C@H](c2ccc(cc2)O)C(=O)N[C@H]3[C@@H]4N(C3=O)C(=C(CS4)CSc5nnnn5C)C(=O)[O-],0.02980695851147175,0.0
CCNC(=[NH+]CCCC[C@H](C(=O)N[C@@H](CC(C)C)C(=O)N[C@@H](CCCC[NH+]=C(NCC)NCC)C(=O)N1CCC[C@H]1C(=O)N[C@H](C)C(=O)N)NC(=O)[C@H](Cc2ccc(cc2)O)NC(=O)[C@H](CO)NC(=O)[C@@H](Cc3cccnc3)NC(=O)[C@@H](Cc4ccc(cc4)Cl)NC(=O)[C@@H](Cc5ccc6ccccc6c5)NC(=O)C)NCC,0.009417591616511345,0.0
CCOC(=O)c1ccc(nc1)C#Cc2ccc3c(c2)C(CCS3)(C)C,0.22170108556747437,0.0
CCOC(=O)O[C@@]1(CC[C@@H]2[C@@]1(C[C@@H]([C@H]3[C@H]2CCC4=CC(=O)C=C[C@]34C)O)C)C(=O)OCCl,0.2131662368774414,0.0
CCSc1ccc2c(c1)N(c3ccccc3S2)CCCN4CC[NH+](CC4)C,0.015834083780646324,0.0
Cl[201Tl],0.11108455061912537,0.0
Cl[Zn]Cl,0.09543393552303314,0.0
CN(C)C(=[NH2+])NC(=[NH2+])N,5.551518916036002e-05,0.0
CN(C)c1nc(nc(n1)N(C)C)N(C)C,0.13450831174850464,0.0
Cn1c2ccccc2c(n1)C(=O)NC3CC4CCCC(C3)[NH+]4C,0.0008409914444200695,0.0
CNC(=O)c1cc(ccn1)Oc2ccc(cc2)NC(=O)Nc3ccc(c(c3)C(F)(F)F)Cl,0.8170042037963867,0.0
CNC(=O)C1=NC=CC(=C1)OC2=CC=C(C=C2)NC(=O)NC3=CC(=C(C=C3)Cl)C(F)(F)F,0.8170042037963867,1.0
CNCC[C@@H](C1=CC=CS1)OC2=CC=CC3=CC=CC=C32,0.8649253249168396,1.0
COC(=O)[C@H](c1ccccc1)[C@H]2CCCC[NH2+]2,0.00010746149200713262,0.0
COC(=O)C(c1ccccc1)C2CCCC[NH2+]2,8.049746975302696e-05,0.0
COC(=O)Nc1[nH]c2ccc(cc2n1)C(=O)c3ccccc3,0.26013365387916565,0.0
COc1cc2c(cc1OC)C(=O)C(C2)CC3CC[NH+](CC3)Cc4ccccc4,0.000666725100018084,0.0
COc1ccc(cc1)C2C(=O)c3ccccc3C2=O,0.13113202154636383,0.0
COc1cnc(nc1)[N-]S(=O)(=O)c2ccc(cc2)N,0.09412379562854767,0.0
O=[Zn],0.013765520416200161,0.0
